short_name,full_name,functional_group
AVRA,Avrainvillea,Algae
Caul,Caulerpa,Algae
CCA,Crustose_coralline_algae),Algae
Dict,Dictyota,Algae
DICTY,Dictyosphaeria,Algae
Hali,Halimeda,Algae
Lobph,Lobophora,Algae
Macro,Macroalgae,Algae
Mdict,Microdictyon,Algae
Pad,Padina,Algae
Peysson,Peyssonnelia,Algae
Turf,Turf_algae,Algae
TURFH,Turf_algae_on_hard_substrate,Algae
*MOEN,Montipora_encrusting,Hard_coral
*MOFO,Montipora_foliose,Hard_coral
AcCor,Acropora_corymbose,Hard_coral
AcDig,Acropora_digitate,Hard_coral
Acr_arb,Acropora_arborescent,Hard_coral
Acrop,Acropora,Hard_coral
AcroTab,Acropora_tabulate,Hard_coral
Astreo,Astreopora,Hard_coral
B_Acr_arb,Bleached_Acropora_arborescent,Hard_coral
B_Acro,Bleached_Acropora,Hard_coral
B_Astre,Bleached_Astreopora,Hard_coral
B_Cosc,Bleached_Coscinarea,Hard_coral
B_Echin,Bleached_Echinophyllia,Hard_coral
B_FavHal,Bleached_Favites_halicora,Hard_coral
B_Favia,Bleached_Favia,Hard_coral
B_FaviaM,Bleached_Favia_matthai,Hard_coral
B_FaviaS,Bleached_Favia_speciosa,Hard_coral
B_FaviaSt,Bleached_Goniastrea_stelligera,Hard_coral
B_Favites,Bleached_Favites,Hard_coral
B_FavPent,Bleached_Favites_pentagona,Hard_coral
B_Fung,Bleached_Fungia,Hard_coral
B_GonEd,Bleached_Goniastrea_edwardsi,Hard_coral
B_Herpo,Bleached_Herpolitha,Hard_coral
B_HYDNO,Bleached_Hydnophora,Hard_coral
B_HyExe,Bleached_Hydnophora_exesa,Hard_coral
B_Lepta,Bleached_Leptastrea,Hard_coral
B_Lepto,Bleached_Leptoseris,Hard_coral
B_Lobo,Bleached_Lobophyllia,Hard_coral
B_MOEN,Bleached_Montipora_encrusting,Hard_coral
B_MOFO,Bleached_Montipora_foliose,Hard_coral
B_Monta,Bleached_Montastraea,Hard_coral
B_Monti,Bleached_Montipora,Hard_coral
B_Oxyp,Bleached_Oxypora,Hard_coral
B_Paly,Bleached_Palythoa,Hard_coral
B_PaveDUER,Bleached_Pavona_duerdeni,Hard_coral
B_Pavona,Bleached_Pavona,Hard_coral
B_PEYDO,Bleached_Pocillopora_eydouxi,Hard_coral
B_Plat,Bleached_Platygyra,Hard_coral
B_PMEAN,Bleached_Pocillopora_meandrina,Hard_coral
B_Pocillo,Bleached_Pocillopora,Hard_coral
B_Porit,Bleached_Porites,Hard_coral
B_Psam,Bleached_Psammocora,Hard_coral
B_PVAR,Bleached_Pavona_varians,Hard_coral
B_Sando,Bleached_Sandolitha,Hard_coral
B_UnkCoral,Bleached_unknown_hard_coral,Hard_coral
BAT,Bleached_Acropora_tabulate,Hard_coral
BGard,Bleached_Gardineroseris,Hard_coral
BlAcro-Cor,Bleached_Acropora_corymbose,Hard_coral
Blisop,Bleached_Isopora,Hard_coral
BlTurbFol,Bleached_Turbinaria_foliose,Hard_coral
Cirr,Cirrhipathes,Hard_coral
COSC,Coscinaraea,Hard_coral
ECHIN,Echinophyllia,Hard_coral
Fav,Favites,Hard_coral
FavHal,Favites_halicora,Hard_coral
Favia,Favia,Hard_coral
FaviaM,Dipsastraea_matthai,Hard_coral
FaviaS,Favia_speciosa,Hard_coral
FaviaSt,Favia_stelligera,Hard_coral
FavPent,Favites_pentagona,Hard_coral
Fung,Fungia,Hard_coral
Gardin,Gardineroseris,Hard_coral
GonEd,Goniastrea_edwardsi,Hard_coral
Herpo,Herpolitha,Hard_coral
HYDNO,Hydnophora,Hard_coral
HyExe,Hydnophora_exesa,Hard_coral
Isopora,Isopora,Hard_coral
Lepta,Leptastrea,Hard_coral
Lepto,Leptoseris,Hard_coral
Lobo,Lobophyllia,Hard_coral
Monta,Montastraea,Hard_coral
Monti,Montipora,Hard_coral
Oxyp,Oxypora,Hard_coral
Paly,Palythoa,Hard_coral
PaveDUER,Pavona_duerdeni,Hard_coral
Pavon,Pavona,Hard_coral
PEYDO,Pocillopora_eydouxi,Hard_coral
Plat,Platygyra,Hard_coral
Plero,Plerogyra,Hard_coral
PMEAN,Pocillopora_meandrina,Hard_coral
Pocill,Pocillopora,Hard_coral
Porit,Porites,Hard_coral
Psam,Psammocora,Hard_coral
PVAR,Pavona_varians,Hard_coral
Sando,Sandolitha,Hard_coral
Tuba,Tubastrea,Hard_coral
TURB,Turbinaria,Hard_coral
UnkCoral,unknown_hard_coral,Hard_coral
CYAN,Cyanobacteria_films,Other
Rubble,Broken_coral_rubble,Other
Sand,Sand,Other
SCRO,Substrate:_Consolidated_(hard)_Rock,Other
Sediment,Sediment,Other
SHAD,Shadow,Other
Trans,Transect_hardware,Other
Unc,Unclear,Other
ANEM,Sea_anemone,Other_Invertebrates
EncBry,Encrusting_Bryozoan,Other_Invertebrates
EUR,Sea_urchin,Other_Invertebrates
HYDCO,Hydrocoral,Other_Invertebrates
Hydra,Hydroid,Other_Invertebrates
Mille,Millepora,Other_Invertebrates
MOBI,Bivalves,Other_Invertebrates
SECO,Sea_cucumber,Other_Invertebrates
Sponge,Sponge,Other_Invertebrates
Stylas,Stylaster,Other_Invertebrates
UnkTUN,Unknown_Tunicate,Other_Invertebrates
XmasW,Christmas_Tree_Worm,Other_Invertebrates
ZOAN,Zoanthid,Other_Invertebrates
B_Clad,Bleached_Cladiella,Soft_coral
B_Loph,Bleached_Lobophytum,Soft_coral
B_Sarco,Bleached_Sarcophyton,Soft_coral
B_Sinu,Bleached_Sinularia,Soft_coral
Clad,Cladiella,Soft_coral
Loph,Lobophytum,Soft_coral
Sarco,Sarcophyton,Soft_coral
Sinu,Sinularia,Soft_coral